{
    "results": [
        {
            "command": "sleep 0.01",
            "mean": 0.013317239025420563,
            "stddev": 0.000999692290506435,
            "median": 0.01325132996,
            "user": 0.0003436104672897197,
            "system": 0.0006016885981308419,
            "min": 0.01016589246,
            "max": 0.021347058460000002,
            "times": [
                0.01074585146,
                0.012721892460000002,
                0.012780726459999999,
                0.010773434459999998,
                0.01154130946,
                0.01154218446,
                0.01286526746,
                0.013614433460000002,
                0.01322339246,
                0.01421035046,
                0.01437230946,
                0.013815934460000002,
                0.01364247646,
                0.013420725460000001,
                0.012700100459999999,
                0.01276076746,
                0.012499225459999999,
                0.01016589246,
                0.012794517460000002,
                0.012898017460000001,
                0.012891267460000001,
                0.01255314246,
                0.01306168446,
                0.01285160146,
                0.012988767460000002,
                0.01285343346,
                0.01338522546,
                0.013017142459999999,
                0.013404475459999999,
                0.01322522546,
                0.013541059460000001,
                0.01313326746,
                0.013843600460000001,
                0.01272985046,
                0.01306897646,
                0.01259355946,
                0.01358443446,
                0.013307350459999999,
                0.01381805946,
                0.01381085046,
                0.014184100460000001,
                0.01373485046,
                0.013685392460000001,
                0.01339155946,
                0.01381368446,
                0.013707058460000001,
                0.01433172546,
                0.013910309459999999,
                0.021347058460000002,
                0.01585739246,
                0.01251214246,
                0.014163184460000002,
                0.01315739246,
                0.014142350460000001,
                0.01327668446,
                0.01360047546,
                0.01370955946,
                0.01397564246,
                0.01288868446,
                0.013120142460000001,
                0.012560309460000002,
                0.013533351459999999,
                0.012615017459999999,
                0.013607934460000002,
                0.01295939246,
                0.013908017460000002,
                0.013372350460000001,
                0.01323893446,
                0.01319826746,
                0.014071934460000001,
                0.013312433460000002,
                0.01355926746,
                0.012377642460000001,
                0.014544934459999999,
                0.012298767459999999,
                0.014090350460000001,
                0.012824309459999999,
                0.012981225459999999,
                0.012980184460000002,
                0.01302397546,
                0.01284322546,
                0.014300017460000002,
                0.012692601460000001,
                0.013018183459999999,
                0.01236047546,
                0.01272076746,
                0.012714726459999999,
                0.01058872546,
                0.013097433460000002,
                0.012694934460000001,
                0.011682475460000001,
                0.012625684460000001,
                0.012608183460000002,
                0.012243642459999999,
                0.013189892460000002,
                0.01337710046,
                0.013176934460000001,
                0.01275101746,
                0.01292360046,
                0.01267876746,
                0.01158839246,
                0.01284605946,
                0.01270743346,
                0.01318010046,
                0.01246726746,
                0.012989142460000002,
                0.01365610046,
                0.012934309460000001,
                0.012875684460000002,
                0.013338350459999999,
                0.01384714246,
                0.01314718346,
                0.012478892460000002,
                0.01372118446,
                0.012973601460000001,
                0.01313368346,
                0.01297093346,
                0.01337747646,
                0.013094809459999999,
                0.013256934460000001,
                0.012456059460000002,
                0.01170726746,
                0.01340622546,
                0.01295405946,
                0.012675975459999999,
                0.012617767460000002,
                0.01274076746,
                0.01288251746,
                0.01295626746,
                0.013067225460000002,
                0.01282205946,
                0.012980225460000001,
                0.01026205946,
                0.01308930846,
                0.01272830946,
                0.01471422646,
                0.01326243446,
                0.014069559460000002,
                0.013159809460000001,
                0.013652308460000002,
                0.013253309460000001,
                0.013705351460000001,
                0.011057142459999999,
                0.01459222546,
                0.01302205846,
                0.01414614246,
                0.013456642460000001,
                0.013804809460000001,
                0.013389600460000001,
                0.01378476746,
                0.012882184460000001,
                0.01309568446,
                0.01330589246,
                0.013417100460000001,
                0.013235017460000002,
                0.01366647546,
                0.01312793446,
                0.011847767459999999,
                0.01350464246,
                0.014352267460000002,
                0.013204308460000001,
                0.013998767460000002,
                0.01385143346,
                0.013753433459999999,
                0.01325143446,
                0.01409260046,
                0.01332997546,
                0.01418272546,
                0.01314160146,
                0.013359642460000001,
                0.013375350460000001,
                0.01336343346,
                0.012927683459999999,
                0.01285280946,
                0.01288405846,
                0.01303289246,
                0.012824725460000002,
                0.01383922646,
                0.012794558460000001,
                0.014273058460000002,
                0.012959100460000001,
                0.01304743346,
                0.013251225460000002,
                0.01436101746,
                0.013381267460000002,
                0.014413976460000002,
                0.01329314246,
                0.01371430946,
                0.01444635046,
                0.01471285046,
                0.01404722646,
                0.01361772646,
                0.013400476460000001,
                0.013451975460000001,
                0.01374872546,
                0.01481010046,
                0.013728934460000002,
                0.014864059459999999,
                0.013983600460000002,
                0.015601642460000002,
                0.01385751746,
                0.01512297646,
                0.014098642460000001,
                0.014133351459999999,
                0.01339743446,
                0.01434522546,
                0.01532243446,
                0.013167851460000001,
                0.01358143346,
                0.01425301746,
                0.01478118446,
                0.014152684460000002,
                0.015045392460000001,
                0.013416850460000001
            ],