{
  "results": [
    {
      "command": "sleep 0.1",
      "mean": 0.10753446442370372,
      "stddev": 0.0032178771150522725,
      "median": 0.10652535172000001,
      "user": 0.0007174962962962964,
      "system": 0.0013508844444444443,
      "min": 0.10247468572,
      "max": 0.11533689272,
      "times": [
        0.10586876872,
        0.10725897672000001,
        0.10985180972,
        0.11533689272,
        0.11243701872,
        0.10619693572000001,
        0.10674539272,
        0.10628972672,
        0.10579564272,
        0.10288589372000001,
        0.10621860172,
        0.10660368472000001,
        0.10628681072,
        0.10619751772000001,
        0.10343360172,
        0.10298851872,
        0.10611801872,
        0.10636710172000001,
        0.10652535172000001,
        0.10663814372000001,
        0.10247468572,
        0.10823689372,
        0.11125081072000001,
        0.11141268472,
        0.11084447672,
        0.11189297672000001,
        0.11127360172
      ],
      "exit_codes": [
        0,
        0,
        0,
        0,
        0,
        0,
        0,
        0,
        0,
        0,
        0,
        0,
        0,
        0,
        0,
        0,
        0,
        0,
        0,
        0,
        0,
        0,
        0,
        0,
        0,
        0,
        0
      ]
    },
    {
      "command": "sleep 0.2",
      "mean": 0.20851399910461543,
      "stddev": 0.003728441448463812,
      "median": 0.20866151872000002,
      "user": 0.001013969230769231,
      "system": 0.0020861323076923075,
      "min": 0.20182414272000002,
      "max": 0.21412868472000002,
      "times": [
        0.21231231072000004,
        0.20690443472000003,
        0.20331585172000002,
        0.20866151872000002,
        0.20182414272000002,
        0.20615935172000002,
        0.20553114372000003,
        0.20857714272000002,
        0.20930214372000003,
        0.21412868472000002,
        0.21195393572000001,
        0.20911368472000003,
        0.21289764272000003
      ],
      "exit_codes": [
        0,
        0,
        0,
        0,
        0,
        0,
        0,
        0,
        0,
        0,
        0,
        0,
        0
      ]
    }
  ]
}
